"Tablas solcitadas","Nombre a aparecer"
adConsultoria,adConsultoria
adCONSULTORIA_GAR,adCONSULTORIA_GAR
adConsultoriaGDL,adConsultoriaGDL
adCORP_URBIETA_SA,adCORP_URBIETA_SA
adEmsore_SA,adEmsore_SA
adESPREZZWORK,adESPREZZWORK
adFUNEX_SA_DE_CV,adFUNEX_SA_DE_CV
adIMPULSORA_SANDOLO,adIMPULSORA_SANDOLO
adIncorporel,adIncorporel
adJUFRACO_CONSULTORES,adJUFRACO_CONSULTORES
adJULIFRA_SA,adJULIFRA_SA
adJUMAR_CONSULTORES,adJUMAR_CONSULTORES
adMarteno_SA,adMarteno_SA
adParticipa_RH,adParticipa_RH
adParticipaRH,adParticipaRH
adPRUEBA_INTERFAZ,adPRUEBA_INTERFAZ
adServicios_Creju,adServicios_Creju
adSERVICIOS_VELTA_SA_D,adSERVICIOS_VELTA_SA_D
adTramex_RH,adTramex_RH
