ID,,,,,,,,,,,
254566,,,,,,,,,,,
254630,,,,,,,,,,,
254683,,,,,,,,,,,
254687,,,,,,,,,,,
254708,,,,,,,,,,,
254778,,,,,,,,,,,
254786,,,,,,,,,,,
254537,,,,,,,,,,,
254576,,,,,,,,,,,
254785,,,,,,,,,,,
254928,,,,,,,,,,,
254541,,,,,,,,,,,
254548,,,,,,,,,,,
254564,,,,,,,,,,,
254582,,,,,,,,,,,
254588,,,,,,,,,,,
254591,,,,,,,,,,,
254592,,,,,,,,,,,
254629,,,,,,,,,,,
254679,,,,,,,,,,,
254803,,,,,,,,,,,
254921,,,,,,,,,,,
211510,,,,,,,,,,,
254605,,,,,,,,,,,
254690,,,,,,,,,,,
254700,,,,,,,,,,,
254737,,,,,,,,,,,
254770,,,,,,,,,,,
254771,,,,,,,,,,,
254897,,,,,,,,,,,
254899,,,,,,,,,,,
254902,,,,,,,,,,,
257313,,,,,,,,,,,
266027,,,,,,,,,,,
254522,,,,,,,,,,,
258782,,,,,,,,,,,
254617,,,,,,,,,,,
254764,,,,,,,,,,,
201733,,,,,,,,,,,
254578,,,,,,,,,,,
254761,,,,,,,,,,,
254783,,,,,,,,,,,
254784,,,,,,,,,,,
254924,,,,,,,,,,,
254670,,,,,,,,,,,
254688,,,,,,,,,,,
254691,,,,,,,,,,,
254787,,,,,,,,,,,
254904,,,,,,,,,,,
254603,,,,,,,,,,,
254782,,,,,,,,,,,
170086,,,,,,,,,,,
254581,,,,,,,,,,,
254903,,,,,,,,,,,
254922,,,,,,,,,,,
270436,,,,,,,,,,,
271268,,,,,,,,,,,
271281,,,,,,,,,,,
254585,,,,,,,,,,,
254920,,,,,,,,,,,
254932,,,,,,,,,,,
254535,,,,,,,,,,,
254958,,,,,,,,,,,
255326,,,,,,,,,,,
266017,,,,,,,,,,,
254539,,,,,,,,,,,
254489,,,,,,,,,,,
254501,,,,,,,,,,,
254503,,,,,,,,,,,
254516,,,,,,,,,,,
254671,,,,,,,,,,,
255945,,,,,,,,,,,
270211,,,,,,,,,,,
254504,,,,,,,,,,,
254558,,,,,,,,,,,
254595,,,,,,,,,,,
254632,,,,,,,,,,,
254672,,,,,,,,,,,
256879,,,,,,,,,,,
254891,,,,,,,,,,,
254779,,,,,,,,,,,
254505,,,,,,,,,,,
254559,,,,,,,,,,,
254599,,,,,,,,,,,
254569,,,,,,,,,,,
254616,,,,,,,,,,,
254751,,,,,,,,,,,
254856,,,,,,,,,,,
254870,,,,,,,,,,,
254900,,,,,,,,,,,
254956,,,,,,,,,,,
